code, name
0-1, 坍塌
0-2, 守卫
0-3, 追击
0-4, 混战
0-5, 腐化
0-6, 强击
0-7, 感染
0-8, 狩猎
0-9, 临光
0-10, 困境
0-11, 突围
1-1, 孤岛
1-3, 狂奔
1-4, 先兆
1-5, 麻痹
1-6, 灾难
1-7, 暴君
1-8, 意志
1-9, 溃散
1-10, 残留
1-11, 遗忘
1-12, 代价
2-1, 龙门之行
S2-1, 迟缓-1
2-2, 兵不接刃
S2-2, 迟缓-2
S2-3, 封锁-1
S2-4, 封锁-2
2-3, 无罪推定
2-4, 企鹅物流
S2-5, 术师-1
S2-6, 术师-2
S2-7, 术师-3
2-5, 高空坠物
2-6, 握紧扶手
2-7, 注意卫生
S2-8, 陷阱-1
S2-9, 陷阱-2
2-8, 不做约定
2-9, 操作暗箱
S2-10, 窒息-1
S2-11, 窒息-2
S2-12, 窒息-3
2-10, 病入膏肓
3-1, 会合
3-2, 记忆
3-3, 回旋
3-4, 龟裂
3-5, 呼叫
3-6, 决定
3-7, 轰鸣
3-8, 黄昏
S3-1, 潜伏-1
S3-2, 潜伏-2
S3-3, 侦察-1
S3-4, 侦察-2
S3-5, 侦察-3
S3-6, 集火-1
S3-7, 隐匿-1
4-1, 免费拥抱
4-2, 雨中漫步
4-3, 人工制冷
4-4, 不要恐慌
4-5, 官僚主义
4-6, 少见多怪
4-7, 各取所需
4-8, 应激反应
4-9, 彻入骨髓
4-10, 灯火将熄
S4-1, 晶簇-1
S4-2, 晶簇-2
S4-3, 晶簇-3
S4-4, 多足-1
S4-5, 多足-2
S4-6, 多足-3
S4-7, 狂怒-1
S4-8, 狂怒-2
S4-9, 狂怒-3
S4-10, 坚守-1
5-1, 冤家易结
5-2, 有口难言
5-3, 义胆凡躯
5-4, 没人在家
5-5, 连绵战火
5-6, 疑兵之计
5-7, 生死与共
5-8, 了如指掌
5-9, 孽生恶物
5-10, 长夜终尽
S5-1, 盘踞-1
S5-2, 盘踞-2
S5-3, 恶寒-1
S5-4, 恶寒-2
S5-5, 恐慌-1
S5-6, 恐慌-2
S5-7, 盘旋-1
S5-8, 盘旋-2
S5-9, 异状-1
H5-1, 炼狱行动-1
H5-2, 炼狱行动-2
H5-3, 炼狱行动-3
H5-4, 炼狱行动-4
6-1, 僵局
6-2, 一些误会
6-3, 同时走失
6-4, 溃烂的疮疤
6-5, 解决谁？
6-8, 只是从天而降！
6-9, 换一个角度
6-10, 解开铃铛
S6-1, 凝结-1
S6-2, 凝结-2
6-11, “这种事”
6-12, 冰原之雪
6-14, 冰原之霜
6-15, 不错的回忆
S6-3, 霜冻-1
S6-4, 霜冻-2
6-16, "黑兔子,白兔子"
H6-1, 冰狱行动-1
H6-2, 冰狱行动-2
H6-3, 冰狱行动-3
H6-4, 冰狱行动-4
7-2, 别离之夜
7-3, 变节之刃
7-4, 并肩之约-1
7-5, 并肩之约-2
7-6, 遗忘之地
7-8, 沉默者之怒-1
7-9, 沉默者之怒-2
7-10, 暗淡者之火
7-11, 浸染-1
7-12, 浸染-2
7-13, 感染者之盾-1
7-14, 游击-1
7-15, 游击-2
7-16, 无匹
S7-1, 埋伏-1
S7-2, 埋伏-2
7-17, 感染者之盾-2
7-18, 爱国者之死
H7-1, 星火行动-1
H7-2, 星火行动-2
H7-3, 星火行动-3
H7-4, 星火行动-4
R8-1, 昨日，谷壳将裂
R8-2, 无辜的血肉
R8-3, 麦秆，极易燃烧
R8-4, 火种，一触即灭
R8-5, 寒冷，来自知觉
R8-6, 战场，蔓延不止
R8-7, 牵引的炮火
R8-8, 人心，向背无常
M8-6, 再见，只为再见
R8-9, 相逢，总是离别
R8-10, 沉默的屠夫
M8-7, 恶言，报应不爽
R8-11, 落雪，浸黑国土
M8-8, 苏醒，浮出梦乡
JT8-2, 睁眼，便是日暮
JT8-3, 昂首，足践烈焰
H8-1, 狂夜行动-1
H8-2, 狂夜行动-2
H8-3, 狂夜行动-3
H8-4, 狂夜行动-4
LS-1, 遭遇战演习
LS-2, 游击战演习
LS-3, 阵地战演习
LS-4, 特种战演习
LS-5, 歼灭战演习
AP-1, 源石开采保全
AP-2, 源石运输保全
AP-3, 精炼器材保全
AP-4, 矿材仓库保全
AP-5, 精炼工厂保全
CE-1, 私人家具押运
CE-2, 工业设备押运
CE-3, 珍贵原料押运
CE-4, 国际重犯押运
CE-5, 机密情报押运
CA-1, 疗养用地净空
CA-2, 勘探基点净空
CA-3, 巡逻路线净空
CA-4, 任务区域净空
CA-5, 战略要道净空
SK-1, 废墟清剿
SK-2, 窝点清剿
SK-3, 哨所清剿
SK-4, 据地清剿
SK-5, 要塞清剿
PR-A-1, 防守
PR-A-2, 据守
PR-B-1, 干涉
PR-B-2, 打击
PR-C-1, 急行
PR-C-2, 冲锋
PR-D-1, 突破
PR-D-2, 猛攻
乌萨斯, 切尔诺伯格
炎国, 龙门外环
炎国, 龙门市区
卡西米尔, 大骑士领郊外
MB-1, 密会
MB-2, 另一个视角
MB-3, 首次遇袭
MB-4, 勇敢，莽撞
MB-5, 危险交易
MB-6, 制定计划
MB-7, 背叛
MB-8, 激战之末
MB-EX-1, 大混战
MB-EX-2, 三面楚歌
MB-EX-3, 施工漏洞
MB-EX-4, 监狱走道
MB-EX-5, 腹背受敌
MB-EX-6, 工厂
MB-EX-7, 施工中
MB-EX-8, 先到先得